RUT,96.622.920-9
Tipo de contribuyente,Persona Jurídica
Tipo,MICRO EMPRESA
Giro informado,ACTIVIDADES DE CONSULTORIA DE GESTION,FONDOS Y SOCIEDADES DE INVERSION Y ENTIDADES FINANCIERAS SIMILARES
Código de actividad informado,702000,643000
Oficina para trámites presenciales,"OFICINA: VALPARAISOMELGAREJO 667, VALPARAISO"
Formularios Presentados
Formulario 22,2019,2020,2021,2022,2023,2024
Presenta Formulario,0,1,0,1,0,1
Formulario 29,2022-07,2022-08,2022-09,2022-10,2022-11,2022-12,2023-01,2023-02,2023-03,2023-04,2023-05,2023-06,2023-07,2023-08,2023-09,2023-10,2023-11,2023-12,2024-01,2024-02,2024-03,2024-04,2024-05,2024-06
Presenta Formulario,1,1,1,1,1,1,1,1,1,1,1,1,1,1,1,1,1,1,1,1,1,1,1,0
Formulario 50,2021-07,2021-08,2021-09,2021-10,2021-11,2021-12,2022-01,2022-02,2022-03,2022-04,2022-05,2022-06,2022-07,2022-08,2022-09,2022-10,2022-11,2022-12,2023-01,2023-02,2023-03,2023-04,2023-05,2023-06,2023-07,2023-08,2023-09,2023-10,2023-11,2023-12,2024-01,2024-02,2024-03,2024-04,2024-05,2024-06
Presenta Formulario,0,0,0,0,0,0,0,0,0,0,0,0,0,0,0,0,0,0,0,0,0,0,0,0,0,0,0,0,0,0,0,0,0,0,0,0
Formulario 3600,2022,2023,2024
Presenta Formulario,0,0,0
Formulario 3601,2023-07,2023-08,2023-09,2023-10,2023-11,2023-12,2024-01,2024-02,2024-03,2024-04,2024-05,2024-06
Presenta Formulario,0,0,0,0,0,0,0,0,0,0,0,0
Formulario 3280,2022,2023,2024
Presenta Formulario,0,0,0
Declaración Jurada 1907,2022,2023,2024
Presenta Formulario,0,0,0
Declaración Jurada 1913,2022,2023,2024
Presenta Formulario,0,0,0
Anotaciones Vigentes
Anotación
Cantidad
Fecha de activación
Descripción y efectos
Acción Requerida
Notificaciones
Id
Fecha
Descripción
Tipo de notificación
Cartas y correos informativos
Id
Fecha
Descripción
Tipo de notificación
Visitas del SII a sus locales
Fecha
N° Visita
Actividad(es) Realizada(s)
Dirección de la visita
Giros
Tipo de Giro
Periodo
Folio
Fecha Vencimiento
Estado
Total a Pagar
Contribuciones territoriales
Comuna
Rol
N° Cuota Año
Fecha Venc.
Estado de Pago
Total a Pagar
Propiedades
Comuna ,ZAPALLAR,LAS CONDES,LAS CONDES,LAS CONDES,LAS CONDES,LAS CONDES,LAS CONDES,LAS CONDES,LAS CONDES,LAS CONDES,LAS CONDES,LAS CONDES,LAS CONDES
N° Rol ,00033-00170,02419-00006,02419-00041,02419-00042,02419-00043,02419-00044,02419-00045,02419-00064,02430-00637,02430-00638,02430-00650,02430-00656,02430-00696
Nombre del Propietario ,INVERSIONES FUTURE INVESTMENTS L,FUTURE INVESTMENTS S A,FUTURE INVESTMENTS S A,FUTURE INVESTMENTS S A,FUTURE INVESTMENTS S A,FUTURE INVESTMENTS S A,FUTURE INVESTMENTS S A,FUTURE INVESTMENTS S A,FUTURE INVESTMENTS S A,FUTURE INVESTMENTS SA,FUTURE INVESTMENTS S A,FUTURE INVESTMENTS S A,FUTURE INVESTMENTS S A
Dirección o Nombre de la Propiedad ,J OVALLE 195 LT 1 PB OBRERA,CAM FRAY BERNARDO 12109 DPC- 2 P2,C.FRAY BERNARDO 12109 BX 32 BD 17 SB1,CAM FRAY BERNARDO 12109 BXE- 33 SB1,CAM FRAY BERNARDO 12109 BXE- 34 SB1,CAM FRAY BERNARDO 12109 BXE- 35 SB1,C.FRAY BERNARDO 12109 BX 36 BD 18 SB1,C.FRAY BERNARDO 12109 BD CAVE C 2,CAM SAN FCO DE ASIS 970 BX 81,CAM SAN FCO DE ASIS 970 BX 82,CAM SAN FCO DE ASIS 970 BX 107,CAM SAN FCO DE ASIS 970 BD 41,CAM SAN FCO DE ASIS 970 BD 46
Destino ,HABITACIONAL,HABITACIONAL,ESTACIONAMIENTO,ESTACIONAMIENTO,ESTACIONAMIENTO,ESTACIONAMIENTO,ESTACIONAMIENTO,OTROS NO CONSIDERADOS,ESTACIONAMIENTO,ESTACIONAMIENTO,ESTACIONAMIENTO,BODEGA Y ALMACENAJE,BODEGA Y ALMACENAJE
Pagos Propiedades
Comuna
Rol
Fecha
Nº de Transacción
Total Pagado
Peticiones Administrativas
Folio
Rut
Nombre
Materia
Recepción
Estado
Funcionario
RAV/RAF y Recurso Jerárquico
Número
Tipo Impugnación
Fecha Presentación Solicitud
Estado
Días hábiles transcurridos
Resultado
Lista Formularios 3280
Periodo
Folio
Contribuyente
Fecha Presentación
Estado
Monto
Lista Formularios 3600
Periodo
Folio
Contribuyente
Fecha Presentación
Estado
Monto
Formulario 22,2019,2020,2021,2022,2023,2024
Cod.18,,,,,,
Cod.19,,,,,,
Cod.20,,,,,,
Cod.21,,,,,,
Cod.31,,,,,,
Cod.32,,,,,,
Cod.34,,,,,,
Cod.36,,,,,,
Cod.39,,1.968,,,,
Cod.43,,,,,,
Cod.51,,,,,,
Cod.54,,,,,,
Cod.58,,,,,,
Cod.63,,,,,,
Cod.71,,,,,,
Cod.74,,,,,,
Cod.76,,,,,,
Cod.77,,,,,,
Cod.79,,,,,,
Cod.82,,,,,,
Cod.83,,,,,,
Cod.85,,,,,,
Cod.86,,,,,,
Cod.87,,,,,,
Cod.90,,393.521,,,,
Cod.91,,395.489,,,,
Cod.92,,5.141,,,,
Cod.93,,58.091,,,,
Cod.94,,418.057,,,,
Cod.101,,4.102.664,,,,
Cod.102,,278.207.161.712,,,,
Cod.104,,,,,,
Cod.105,,,,,,
Cod.106,,,,,,
Cod.108,,,,,,
Cod.110,,,,,,
Cod.111,,,,,,
Cod.113,,983.803,,,,
Cod.114,,393.521,,,,
Cod.116,,,,,,
Cod.119,,,,,,
Cod.122,,247.394.907.169,,,,
Cod.123,,244.552.923.142,,,,
Cod.129,,,,,,
Cod.133,,,,,,
Cod.134,,,,,,
Cod.135,,,,,,
Cod.136,,,,,,
Cod.138,,,,,,
Cod.152,,,,,,
Cod.155,,,,,,
Cod.157,,,,,,
Cod.158,,,,,,
Cod.159,,,,,,
Cod.161,,,,,,
Cod.162,,,,,,
Cod.166,,,,,,
Cod.167,,,,,,
Cod.169,,,,,,
Cod.170,,,,,,
Cod.173,,,,,,
Cod.174,,,,,,
Cod.176,,,,,,
Cod.181,,,,,,
Cod.187,,,,,,
Cod.188,,,,,,
Cod.189,,,,,,
Cod.198,,,,,,
Cod.201,,,,,,
Cod.238,,,,,,
Cod.304,,,,,,
Cod.305,,393.521,,,,
Cod.365,,,,,,
Cod.366,,,,,,
Cod.373,,,,,,
Cod.382,,,,,,
Cod.384,,,,,,
Cod.387,,,,,,
Cod.390,,,,,,
Cod.392,,,,,,
Cod.461,,,,,,
Cod.465,,,,,,
Cod.467,,,,,,
Cod.479,,,,,,
Cod.491,,,,,,
Cod.492,,,,,,
Cod.494,,,,,,
Cod.545,,,,,,
Cod.547,,,,,,
Cod.603,,,,,,
Cod.605,,,,,,
Cod.606,,,,,,
Cod.607,,,,,,
Cod.608,,,,,,
Cod.609,,,,,,
Cod.610,,,,,,
Cod.611,,,,,,
Cod.612,,,,,,
Cod.617,,,,,,
Cod.618,,,,,,
Cod.619,,,,,,
Cod.645,,143.531.141.013,,,,
Cod.646,,,,,,
Cod.647,,218.149.622,,,,
Cod.648,,,,,,
Cod.701,,,,,,
Cod.702,,,,,,
Cod.703,,,,,,
Cod.704,,,,,,
Cod.705,,,,,,
Cod.740,,,,,,
Cod.741,,,,,,
Cod.742,,,,,,
Cod.746,,,,,,
Cod.747,,,,,,
Cod.748,,,,,,
Cod.749,,,,,,
Cod.750,,,,,,
Cod.751,,,,,,
Cod.752,,,,,,
Cod.753,,,,,,
Cod.754,,,,,,
Cod.755,,,,,,
Cod.756,,,,,,
Cod.757,,,,,,
Cod.761,,,,,,
Cod.764,,,,,,
Cod.765,,,,,,
Cod.766,,,,,,
Cod.767,,,,,,
Cod.770,,,,,,
Cod.772,,,,,,
Cod.773,,,,,,
Cod.783,,,,,,
Cod.784,,252.815.777,,,,
Cod.792,,,,,,
Cod.794,,,,,,
Cod.798,,,,,,
Cod.801,,,,,,
Cod.811,,,,,,
Cod.815,,,,,,
Cod.822,,,,,,
Cod.824,,,,,,
Cod.825,,,,,,
Cod.828,,,,,,
Cod.829,,,,,,
Cod.830,,,,,,
Cod.832,,,,,,
Cod.833,,,,,,
Cod.834,,,,,,
Cod.839,,,,,,
Cod.841,,,,,,
Cod.843,,108.299.505.018,,,,
Cod.844,,64.674.446.766,,,,
Cod.848,,,,,,
Cod.849,,,,,,
Cod.850,,,,,,
Cod.855,,,,,,
Cod.856,,,,,,
Cod.859,,,,,,
Cod.862,,,,,,
Cod.863,,,,,,
Cod.866,,,,,,
Cod.867,,,,,,
Cod.870,,,,,,
Cod.871,,,,,,
Cod.872,,,,,,
Cod.873,,,,,,
Cod.876,,,,,,
Cod.881,,,,,,
Cod.882,,,,,,
Cod.884,,,,,,
Cod.885,,,,,,
Cod.886,,,,,,
Cod.887,,,,,,
Cod.893,,826.065.214,,,,
Cod.894,,,,,,
Cod.895,,,,,,
Cod.896,,,,,,
Cod.898,,,,,,
Cod.900,,,,,,
Cod.907,,,,,,
Cod.908,,,,,,
Cod.909,,,,,,
Cod.910,,,,,,
Cod.911,,,,,,
Cod.912,,,,,,
Cod.913,,,,,,
Cod.914,,,,,,
Cod.923,,,,,,
Cod.924,,,,,,
Cod.925,,,,,,
Cod.930,,,,,,
Cod.938,,,,,,
Cod.940,,92,,,,
Cod.942,,,,,,
Cod.949,,,,,,
Cod.950,,,,,,
Cod.951,,,,,,
Cod.952,,,,,,
Cod.953,,,,,,
Cod.954,,,,,,
Cod.955,,,,,,
Cod.958,,,,,,
Cod.959,,,,,,
Cod.963,,,,,,
Cod.964,,,,,,
Cod.965,,,,,,
Cod.974,,,,,,
Cod.975,,,,,,
Cod.976,,,,,,
Cod.978,,,,,,
Cod.982,,,,,,
Cod.984,,,,,,
Cod.985,,,,,,
Cod.986,,,,,,
Cod.987,,,,,,
Cod.988,,,,,,
Cod.989,,,,,,
Cod.990,,,,,,
Cod.991,,,,,,
Cod.993,,,,,,
Cod.994,,,,,,
Cod.998,,,,,,
Cod.999,,,,,,
Cod.1001,,,,,,
Cod.1002,,,,,,
Cod.1003,,,,,,
Cod.1004,,,,,,
Cod.1005,,,,,,
Cod.1007,,,,,,
Cod.1008,,,,,,
Cod.1009,,,,,,
Cod.1010,,,,,,
Cod.1011,,,,,,
Cod.1012,,,,,,
Cod.1013,,,,,,
Cod.1017,,,,,,
Cod.1018,,,,,,
Cod.1019,,,,,,
Cod.1020,,,,,,
Cod.1021,,,,,,
Cod.1022,,,,,,
Cod.1024,,,,,,
Cod.1025,,,,,,
Cod.1026,,,,,,
Cod.1027,,,,,,
Cod.1028,,,,,,
Cod.1029,,,,,,
Cod.1030,,,,,,
Cod.1031,,,,,,
Cod.1032,,,,,,
Cod.1033,,,,,,
Cod.1034,,,,,,
Cod.1035,,,,,,
Cod.1036,,,,,,
Cod.1037,,,,,,
Cod.1038,,,,,,
Cod.1039,,,,,,
Cod.1040,,,,,,
Cod.1041,,,,,,
Cod.1042,,,,,,
Cod.1043,,,,,,
Cod.1044,,,,,,
Cod.1045,,,,,,
Cod.1046,,,,,,
Cod.1047,,,,,,
Cod.1048,,,,,,
Cod.1049,,,,,,
Cod.1050,,,,,,
Cod.1051,,,,,,
Cod.1052,,,,,,
Cod.1053,,,,,,
Cod.1055,,,,,,
Cod.1056,,,,,,
Cod.1057,,,,,,
Cod.1058,,,,,,
Cod.1060,,,,,,
Cod.1061,,,,,,
Cod.1062,,,,,,
Cod.1063,,,,,,
Cod.1064,,,,,,
Cod.1065,,,,,,
Cod.1066,,,,,,
Cod.1067,,,,,,
Cod.1068,,,,,,
Cod.1069,,,,,,
Cod.1070,,,,,,
Cod.1071,,,,,,
Cod.1072,,,,,,
Cod.1073,,,,,,
Cod.1074,,,,,,
Cod.1076,,,,,,
Cod.1077,,,,,,
Cod.1078,,,,,,
Cod.1079,,,,,,
Cod.1080,,,,,,
Cod.1081,,,,,,
Cod.1082,,,,,,
Cod.1083,,,,,,
Cod.1084,,,,,,
Cod.1085,,,,,,
Cod.1086,,,,,,
Cod.1087,,,,,,
Cod.1088,,,,,,
Cod.1089,,,,,,
Cod.1092,,,,,,
Cod.1093,,,,,,
Cod.1094,,,,,,
Cod.1095,,,,,,
Cod.1096,,,,,,
Cod.1097,,,,,,
Cod.1098,,,,,,
Cod.1099,,,,,,
Cod.1100,,,,,,
Cod.1101,,,,,,
Cod.1102,,,,,,
Cod.1103,,,,,,
Cod.1104,,,,,,
Cod.1105,,,,,,
Cod.1106,,,,,,
Cod.1107,,,,,,
Cod.1109,,,,,,
Cod.1111,,,,,,
Cod.1113,,,,,,
Cod.1114,,,,,,
Cod.1118,,2.030.271.563,,,,
Cod.1119,,4.021.478.058,,,,
Cod.1120,,,,,,
Cod.1121,,,,,,
Cod.1122,,,,,,
Cod.1123,,,,,,
Cod.1124,,,,,,
Cod.1125,,,,,,
Cod.1128,,,,,,
Cod.1129,,,,,,
Cod.1130,,,,,,
Cod.1131,,,,,,
Cod.1133,,,,,,
Cod.1134,,,,,,
Cod.1135,,,,,,
Cod.1136,,,,,,
Cod.1137,,,,,,
Cod.1138,,,,,,
Cod.1139,,,,,,
Cod.1140,,,,,,
Cod.1141,,,,,,
Cod.1142,,,,,,
Cod.1143,,,,,,
Cod.1144,,,,,,
Cod.1145,,,,,,
Cod.1146,,,,,,
Cod.1147,,,,,,
Cod.1148,,,,,,
Cod.1149,,,,,,
Cod.1150,,,,,,
Cod.1151,,,,,,
Cod.1152,,,,,,
Cod.1153,,,,,,
Cod.1154,,,,,,
Cod.1155,,,,,,
Cod.1156,,,,,,
Cod.1157,,,,,,
Cod.1158,,,,,,
Cod.1159,,,,,,
Cod.1160,,,,,,
Cod.1161,,,,,,
Cod.1162,,,,,,
Cod.1163,,,,,,
Cod.1164,,,,,,
Cod.1166,,,,,,
Cod.1167,,,,,,
Cod.1168,,,,,,
Cod.1169,,,,,,
Cod.1170,,,,,,
Cod.1171,,,,,,
Cod.1172,,,,,,
Cod.1173,,,,,,
Cod.1174,,,,,,
Cod.1175,,,,,,
Cod.1176,,,,,,
Cod.1177,,,,,,
Cod.1178,,,,,,
Cod.1179,,,,,,
Cod.1180,,,,,,
Cod.1181,,,,,,
Cod.1182,,,,,,
Cod.1183,,,,,,
Cod.1184,,,,,,
Cod.1185,,,,,,
Cod.1186,,,,,,
Cod.1187,,,,,,
Cod.1188,,,,,,
Cod.1189,,,,,,
Cod.1190,,,,,,
Cod.1191,,,,,,
Cod.1192,,,,,,
Cod.1193,,,,,,
Cod.1194,,,,,,
Cod.1195,,,,,,
Cod.1196,,,,,,
Cod.1197,,,,,,
Cod.1198,,,,,,
Cod.1199,,,,,,
Cod.1200,,,,,,
Cod.1201,,,,,,
Cod.1202,,,,,,
Cod.1203,,,,,,
Cod.1204,,,,,,
Cod.1205,,,,,,
Cod.1206,,,,,,
Cod.1207,,,,,,
Cod.1208,,,,,,
Cod.1209,,,,,,
Cod.1210,,,,,,
Cod.1211,,,,,,
Cod.1212,,,,,,
Cod.1213,,,,,,
Cod.1214,,,,,,
Cod.1215,,,,,,
Cod.1216,,,,,,
Cod.1217,,,,,,
Cod.1218,,,,,,
Cod.1219,,,,,,
Cod.1220,,,,,,
Cod.1221,,,,,,
Cod.1222,,,,,,
Cod.1223,,,,,,
Cod.1224,,,,,,
Cod.1225,,,,,,
Cod.1226,,,,,,
Cod.1227,,,,,,
Cod.1228,,,,,,
Cod.1229,,,,,,
Cod.1230,,,,,,
Cod.1231,,,,,,
Cod.1232,,,,,,
Cod.1233,,,,,,
Cod.1234,,,,,,
Cod.1235,,,,,,
Cod.1236,,,,,,
Cod.1237,,,,,,
Cod.1238,,,,,,
Cod.1239,,,,,,
Cod.1240,,,,,,
Cod.1241,,,,,,
Cod.1242,,,,,,
Cod.1243,,,,,,
Cod.1244,,,,,,
Cod.1245,,,,,,
Cod.1246,,,,,,
Cod.1247,,,,,,
Cod.1248,,,,,,
Cod.1249,,,,,,
Cod.1250,,,,,,
Cod.1251,,,,,,
Cod.1252,,,,,,
Cod.1253,,,,,,
Cod.1254,,,,,,
Cod.1255,,,,,,
Cod.1256,,,,,,
Cod.1257,,,,,,
Cod.1258,,,,,,
Cod.1259,,,,,,
Cod.1260,,,,,,
Cod.1261,,,,,,
Cod.1262,,,,,,
Cod.1263,,,,,,
Cod.1264,,,,,,
Cod.1265,,,,,,
Cod.1266,,,,,,
Cod.1267,,,,,,
Cod.1268,,,,,,
Cod.1269,,,,,,
Cod.1270,,,,,,
Cod.1271,,,,,,
Cod.1272,,,,,,
Cod.1273,,,,,,
Cod.1274,,,,,,
Cod.1275,,,,,,
Cod.1276,,,,,,
Cod.1277,,,,,,
Cod.1278,,,,,,
Cod.1279,,,,,,
Cod.1280,,,,,,
Cod.1281,,,,,,
Cod.1282,,,,,,
Cod.1283,,,,,,
Cod.1284,,,,,,
Cod.1285,,,,,,
Cod.1286,,,,,,
Cod.1287,,,,,,
Cod.1288,,,,,,
Cod.1289,,,,,,
Cod.1290,,,,,,
Cod.1291,,,,,,
Cod.1292,,,,,,
Cod.1293,,,,,,
Cod.1294,,,,,,
Cod.1295,,,,,,
Cod.1296,,,,,,
Cod.1297,,,,,,
Cod.1298,,,,,,
Cod.1299,,,,,,
Cod.1300,,,,,,
Cod.1301,,,,,,
Cod.1302,,,,,,
Cod.1303,,,,,,
Cod.1304,,,,,,
Cod.1305,,,,,,
Cod.1306,,,,,,
Cod.1307,,,,,,
Cod.1308,,,,,,
Cod.1309,,,,,,
Cod.1310,,,,,,
Cod.1311,,,,,,
Cod.1312,,,,,,
Cod.1313,,,,,,
Cod.1314,,,,,,
Cod.1315,,,,,,
Cod.1316,,,,,,
Cod.1317,,,,,,
Cod.1318,,,,,,
Cod.1319,,,,,,
Cod.1320,,,,,,
Cod.1321,,,,,,
Cod.1322,,,,,,
Cod.1323,,,,,,
Cod.1324,,,,,,
Cod.1325,,,,,,
Cod.1326,,,,,,
Cod.1327,,,,,,
Cod.1328,,,,,,
Cod.1329,,,,,,
Cod.1330,,,,,,
Cod.1331,,,,,,
Cod.1332,,,,,,
Cod.1333,,,,,,
Cod.1334,,,,,,
Cod.1335,,,,,,
Cod.1336,,,,,,
Cod.1337,,,,,,
Cod.1338,,,,,,
Cod.1339,,,,,,
Cod.1340,,,,,,
Cod.1341,,,,,,
Cod.1342,,,,,,
Cod.1343,,,,,,
Cod.1344,,,,,,
Cod.1345,,,,,,
Cod.1346,,,,,,
Cod.1347,,,,,,
Cod.1348,,,,,,
Cod.1349,,,,,,
Cod.1350,,,,,,
Cod.1351,,,,,,
Cod.1352,,,,,,
Cod.1353,,,,,,
Cod.1354,,,,,,
Cod.1355,,,,,,
Cod.1356,,,,,,
Cod.1357,,,,,,
Cod.1358,,,,,,
Cod.1359,,,,,,
Cod.1360,,,,,,
Cod.1361,,,,,,
Cod.1362,,,,,,
Cod.1363,,,,,,
Cod.1364,,,,,,
Cod.1365,,,,,,
Cod.1366,,,,,,
Cod.1367,,,,,,
Cod.1368,,,,,,
Cod.1369,,,,,,
Cod.1370,,,,,,
Cod.1371,,,,,,
Cod.1372,,,,,,
Cod.1373,,,,,,
Cod.1374,,,,,,
Cod.1375,,,,,,
Cod.1376,,,,,,
Cod.1377,,,,,,
Cod.1378,,,,,,
Cod.1379,,,,,,
Cod.1380,,,,,,
Cod.1381,,,,,,
Cod.1382,,,,,,
Cod.1383,,,,,,
Cod.1384,,,,,,
Cod.1385,,,,,,
Cod.1386,,,,,,
Cod.1387,,,,,,
Cod.1388,,,,,,
Cod.1389,,,,,,
Cod.1390,,,,,,
Cod.1391,,,,,,
Cod.1392,,,,,,
Cod.1393,,,,,,
Cod.1394,,,,,,
Cod.1395,,,,,,
Cod.1396,,,,,,
Cod.1397,,,,,,
Cod.1398,,,,,,
Cod.1399,,,,,,
Cod.1400,,,,,,
Cod.1401,,,,,,
Cod.1402,,,,,,
Cod.1403,,,,,,
Cod.1404,,,,,,
Cod.1405,,,,,,
Cod.1406,,,,,,
Cod.1407,,,,,,
Cod.1408,,,,,,
Cod.1409,,,,,,
Cod.1410,,,,,,
Cod.1411,,,,,,
Cod.1412,,,,,,
Cod.1413,,,,,,
Cod.1414,,,,,,
Cod.1415,,,,,,
Cod.1416,,,,,,
Cod.1417,,,,,,
Cod.1418,,,,,,
Cod.1419,,,,,,
Cod.1420,,,,,,
Cod.1421,,,,,,
Cod.1422,,,,,,
Cod.1423,,,,,,
Cod.1424,,,,,,
Cod.1425,,,,,,
Cod.1426,,,,,,
Cod.1427,,,,,,
Cod.1428,,,,,,
Cod.1429,,,,,,
Cod.1430,,,,,,
Cod.1431,,,,,,
Cod.1432,,,,,,
Cod.1433,,,,,,
Cod.1434,,,,,,
Cod.1435,,,,,,
Cod.1436,,,,,,
Cod.1437,,,,,,
Cod.1438,,,,,,
Cod.1439,,,,,,
Cod.1440,,,,,,
Cod.1441,,,,,,
Cod.1442,,,,,,
Cod.1443,,,,,,
Cod.1444,,,,,,
Cod.1445,,,,,,
Cod.1446,,,,,,
Cod.1447,,,,,,
Cod.1448,,,,,,
Cod.1449,,,,,,
Cod.1450,,,,,,
Cod.1451,,,,,,
Cod.1452,,,,,,
Cod.1453,,,,,,
Cod.1454,,,,,,
Cod.1455,,,,,,
Cod.1456,,,,,,
Cod.1457,,,,,,
Cod.1458,,,,,,
Cod.1459,,,,,,
Cod.1460,,,,,,
Cod.1461,,,,,,
Cod.1462,,,,,,
Cod.1463,,,,,,
Cod.1464,,,,,,
Cod.1465,,,,,,
Cod.1466,,,,,,
Cod.1467,,,,,,
Cod.1468,,,,,,
Cod.1469,,,,,,
Cod.1470,,,,,,
Cod.1471,,,,,,
Cod.1472,,,,,,
Cod.1473,,,,,,
Cod.1474,,,,,,
Cod.1475,,,,,,
Cod.1476,,,,,,
Cod.1477,,,,,,
Cod.1478,,,,,,
Cod.1479,,,,,,
Cod.1480,,,,,,
Cod.1481,,,,,,
Cod.1482,,,,,,
Cod.1483,,,,,,
Cod.1484,,,,,,
Cod.1485,,,,,,
Cod.1486,,,,,,
Cod.1487,,,,,,
Cod.1489,,,,,,
Cod.1490,,,,,,
Cod.1491,,,,,,
Cod.1492,,,,,,
Cod.1493,,,,,,
Cod.1494,,,,,,
Cod.1495,,,,,,
Cod.1496,,,,,,
Cod.1497,,,,,,
Cod.1498,,,,,,
Cod.1499,,,,,,
Cod.1500,,,,,,
Cod.1501,,,,,,
Cod.1502,,,,,,
Cod.1503,,,,,,
Cod.1504,,,,,,
Cod.1505,,,,,,
Cod.1506,,,,,,
Cod.1507,,,,,,
Cod.1508,,,,,,
Cod.1509,,,,,,
Cod.1510,,,,,,
Cod.1511,,,,,,
Cod.1512,,,,,,
Cod.1513,,,,,,
Cod.1514,,,,,,
Cod.1515,,,,,,
Cod.1516,,,,,,
Cod.1517,,,,,,
Cod.1518,,,,,,
Cod.1519,,,,,,
Cod.1520,,,,,,
Cod.1521,,,,,,
Cod.1522,,,,,,
Cod.1523,,,,,,
Cod.1524,,,,,,
Cod.1525,,,,,,
Cod.1526,,,,,,
Cod.1527,,,,,,
Cod.1528,,,,,,
Cod.1529,,,,,,
Cod.1530,,,,,,
Cod.1531,,,,,,
Cod.1532,,,,,,
Cod.1533,,,,,,
Cod.1534,,,,,,
Cod.1535,,,,,,
Cod.1536,,,,,,
Cod.1537,,,,,,
Cod.1538,,,,,,
Cod.1539,,,,,,
Cod.1540,,,,,,
Cod.1541,,,,,,
Cod.1542,,,,,,
Cod.1543,,,,,,
Cod.1544,,,,,,
Cod.1545,,,,,,
Cod.1546,,,,,,
Cod.1547,,,,,,
Cod.1548,,,,,,
Cod.1549,,,,,,
Cod.1550,,,,,,
Cod.1551,,,,,,
Cod.1552,,,,,,
Cod.1553,,,,,,
Cod.1554,,,,,,
Cod.1555,,,,,,
Cod.1556,,,,,,
Cod.1557,,,,,,
Cod.1558,,,,,,
Cod.1559,,,,,,
Cod.1560,,,,,,
Cod.1561,,,,,,
Cod.1562,,,,,,
Cod.1563,,,,,,
Cod.1564,,,,,,
Cod.1565,,,,,,
Cod.1566,,,,,,
Cod.1567,,,,,,
Cod.1568,,,,,,
Cod.1569,,,,,,
Cod.1570,,,,,,
Cod.1571,,,,,,
Cod.1572,,,,,,
Cod.1573,,,,,,
Cod.1574,,,,,,
Cod.1575,,,,,,
Cod.1576,,,,,,
Cod.1577,,,,,,
Cod.1578,,,,,,
Cod.1579,,,,,,
Cod.1580,,,,,,
Cod.1581,,,,,,
Cod.1582,,,,,,
Cod.1583,,,,,,
Cod.1584,,,,,,
Cod.1585,,,,,,
Cod.1586,,,,,,
Cod.1587,,,,,,
Cod.1588,,,,,,
Cod.1589,,,,,,
Cod.1590,,,,,,
Cod.1591,,,,,,
Cod.1592,,,,,,
Cod.1593,,,,,,
Cod.1594,,,,,,
Cod.1595,,,,,,
Cod.1596,,,,,,
Cod.1597,,,,,,
Cod.1598,,,,,,
Cod.1599,,,,,,
Cod.1600,,,,,,
Cod.1601,,,,,,
Cod.1602,,,,,,
Cod.1603,,,,,,
Cod.1604,,,,,,
Cod.1605,,,,,,
Cod.1606,,,,,,
Cod.1607,,,,,,
Cod.1608,,,,,,
Cod.1609,,,,,,
Cod.1610,,,,,,
Cod.1611,,,,,,
Cod.1612,,,,,,
Cod.1613,,,,,,
Cod.1614,,,,,,
Cod.1615,,,,,,
Cod.1616,,,,,,
Cod.1617,,,,,,
Cod.1618,,,,,,
Cod.1619,,,,,,
Cod.1620,,,,,,
Cod.1621,,,,,,
Cod.1622,,,,,,
Cod.1623,,,,,,
Cod.1624,,,,,,
Cod.1625,,,,,,
Cod.1626,,,,,,
Cod.1627,,,,,,
Cod.1628,,,,,,
Cod.1629,,,,,,
Cod.1630,,,,,,
Cod.1631,,,,,,
Cod.1632,,,,,,
Cod.1633,,,,,,
Cod.1634,,,,,,
Cod.1635,,,,,,
Cod.1636,,,,,,
Cod.1637,,,,,,
Cod.1638,,,,,,
Cod.1639,,,,,,
Cod.1640,,,,,,
Cod.1641,,,,,,
Cod.1642,,,,,,
Cod.1643,,,,,,
Cod.1644,,,,,,
Cod.1645,,,,,,
Cod.1646,,,,,,
Cod.1647,,,,,,
Cod.1648,,,,,,
Cod.1649,,,,,,
Cod.1650,,,,,,
Cod.1651,,,,,,
Cod.1652,,,,,,
Cod.1653,,,,,,
Cod.1654,,,,,,
Cod.1655,,,,,,
Cod.1656,,,,,,
Cod.1657,,,,,,
Cod.1658,,,,,,
Cod.1659,,,,,,
Cod.1660,,,,,,
Cod.1661,,,,,,
Cod.1662,,,,,,
Cod.1663,,,,,,
Cod.1664,,,,,,
Cod.1665,,,,,,
Cod.1666,,,,,,
Cod.1667,,,,,,
Cod.1668,,,,,,
Cod.1669,,,,,,
Cod.1670,,,,,,
Cod.1671,,,,,,
Cod.1672,,,,,,
Cod.1673,,,,,,
Cod.1674,,,,,,
Cod.1675,,,,,,
Cod.1676,,,,,,
Cod.1677,,,,,,
Cod.1678,,,,,,
Cod.1679,,,,,,
Cod.1680,,,,,,
Cod.1681,,,,,,
Cod.1682,,,,,,
Cod.1683,,,,,,
Cod.1684,,,,,,
Cod.1685,,,,,,
Cod.1686,,,,,,
Cod.1687,,,,,,
Cod.1688,,,,,,
Cod.1689,,,,,,
Cod.1690,,,,,,
Cod.1691,,,,,,
Cod.1692,,,,,,
Cod.1693,,,,,,
Cod.1694,,,,,,
Cod.1695,,,,,,
Cod.1696,,,,,,
Cod.1697,,,,,,
Cod.1698,,,,,,
Cod.1699,,,,,,
Cod.1700,,,,,,
Cod.1701,,,,,,
Cod.1702,,,,,,
Cod.1703,,,,,,
Cod.1704,,,,,,
Cod.1705,,,,,,
Cod.1706,,,,,,
Cod.1707,,,,,,
Cod.1708,,,,,,
Cod.1709,,,,,,
Cod.1710,,,,,,
Cod.1711,,,,,,
Cod.1712,,,,,,
Cod.1713,,,,,,
Cod.1714,,,,,,
Cod.1715,,,,,,
Cod.1716,,,,,,
Cod.1717,,,,,,
Cod.1718,,,,,,
Cod.1719,,,,,,
Cod.1720,,,,,,
Cod.1721,,,,,,
Cod.1722,,,,,,
Cod.1723,,,,,,
Cod.1724,,,,,,
Cod.1725,,,,,,
Cod.1726,,,,,,
Cod.1727,,,,,,
Cod.1728,,,,,,
Cod.1729,,,,,,
Cod.1730,,,,,,
Cod.1731,,,,,,
Cod.1732,,,,,,
Cod.1733,,,,,,
Cod.1734,,,,,,
Cod.1735,,,,,,
Cod.1736,,,,,,
Cod.1737,,,,,,
Cod.1738,,,,,,
Cod.1739,,,,,,
Cod.1740,,,,,,
Cod.1741,,,,,,
Cod.1742,,,,,,
Cod.1743,,,,,,
Cod.1744,,,,,,
Cod.1745,,,,,,
Cod.1746,,,,,,
Cod.1747,,,,,,
Cod.1748,,,,,,
Cod.1749,,,,,,
Cod.1750,,,,,,
Cod.1751,,,,,,
Cod.1752,,,,,,
Cod.1753,,,,,,
Cod.1754,,,,,,
Cod.1755,,,,,,
Cod.1756,,,,,,
Cod.1757,,,,,,
Cod.1758,,,,,,
Cod.1759,,,,,,
Cod.1760,,,,,,
Cod.1761,,,,,,
Cod.1762,,,,,,
Cod.1763,,,,,,
Cod.1764,,,,,,
Cod.1765,,,,,,
Cod.1766,,,,,,
Cod.1767,,,,,,
Cod.1768,,,,,,
Cod.1769,,,,,,
Cod.1770,,,,,,
Cod.1771,,,,,,
Cod.1772,,,,,,
Cod.1773,,,,,,
Cod.1774,,,,,,
Cod.1775,,,,,,
Cod.1782,,,,,,
Cod.1783,,,,,,
Cod.1784,,,,,,
Cod.1785,,,,,,
Cod.1786,,,,,,
Cod.1787,,,,,,
Cod.1788,,,,,,
Cod.1789,,,,,,
Cod.1790,,,,,,
Cod.1791,,,,,,
Cod.1792,,,,,,
Cod.1793,,,,,,
Cod.1794,,,,,,
Cod.1795,,,,,,
Cod.1796,,,,,,
Cod.1797,,,,,,
Cod.1798,,,,,,
Cod.1799,,,,,,
Cod.1801,,,,,,
Cod.1802,,,,,,
Cod.1809,,,,,,
Cod.1813,,,,,,
Cod.1814,,,,,,
Cod.1815,,,,,,
Cod.1816,,,,,,
Cod.1817,,,,,,
Cod.1818,,,,,,
Cod.1819,,,,,,
Cod.1820,,,,,,
Cod.1821,,,,,,
Cod.1822,,,,,,
Cod.1823,,,,,,
Cod.1824,,,,,,
Cod.1825,,,,,,
Cod.1826,,,,,,
Cod.1827,,,,,,
Cod.1829,,,,,,
Cod.1830,,,,,,
Cod.1833,,,,,,
Cod.1835,,,,,,
Cod.1836,,,,,,
Cod.1837,,,,,,
Cod.1838,,,,,,
Cod.1839,,,,,,
Cod.1842,,,,,,
Cod.1843,,,,,,
Cod.1844,,,,,,
Cod.1845,,,,,,
Cod.1846,,,,,,
Formulario 29,2022-07,2022-08,2022-09,2022-10,2022-11,2022-12,2023-01,2023-02,2023-03,2023-04,2023-05,2023-06,2023-07,2023-08,2023-09,2023-10,2023-11,2023-12,2024-01,2024-02,2024-03,2024-04,2024-05,2024-06
Cod.20,,,,,,,,,,,,,,,,,,,,,,,,
Cod.28,,,,,,,,,,,,,,,,,,,,,,,,
Cod.30,,,,,,,,,,,,,,,,,,,,,,,,
Cod.32,,,,,,,,,,,,,,,,,,,,,,,,
Cod.33,,,,,,,,,,,,,,,,,,,,,,,,
Cod.39,,,,,,,,,,,,,,,,,,,,,,,,
Cod.48,,,,,,,,,,,,,,,,,,,,,,,,
Cod.49,,,,,,,,,,,,,,,,,,,,,,,,
Cod.50,,,,,,,,,,,,,,,,,,,,,,,,
Cod.54,,,,,,,,,,,,,,,,,,,,,,,,
Cod.56,,,,,,,,,,,,,,,,,,,,,,,,
Cod.60,,,,,,,,,,,,,,,,,,,,,,,,
Cod.62,,,,,,,,,,,,,,,,,,,,,,,,
Cod.66,,,,,,,,,,,,,,,,,,,,,,,,
Cod.68,,,,,,,,,,,,,,,,,,,,,,,,
Cod.70,,,,,,,,,,,,,,,,,,,,,,,,
Cod.73,,,,,,,,,,,,,,,,,,,,,,,,
Cod.77,,,,,,,,,,,,,,,,,,,,,,,,
Cod.85,,,,,,,,,,,,,,,,,,,,,,,,
Cod.89,0,0,0,0,0,0,0,0,0,0,0,0,0,0,0,0,0,0,0,0,0,0,0,
Cod.91,0,0,0,0,0,0,0,0,0,0,0,0,0,0,0,0,0,0,0,0,0,0,0,
Cod.92,,,,,,,,,,,,,,,,,,,,,,,,
Cod.93,,,,,,,,,,,,,,,,,,,,,,,,
Cod.94,,,,,,,,,,,,,,,,,,,,,,,,
Cod.100,,,,,,,,,,,,,,,,,,,,,,,,
Cod.101,,,,,,,,,,,,,,,,,,,,,,,,
Cod.102,,,,,,,,,,,,,,,,,,,,,,,,
Cod.103,,,,,,,,,,,,,,,,,,,,,,,,
Cod.104,,,,,,,,,,,,,,,,,,,,,,,,
Cod.110,,,,,,,,,,,,,,,,,,,,,,,,
Cod.111,,,,,,,,,,,,,,,,,,,,,,,,
Cod.113,,,,,,,,,,,,,,,,,,,,,,,,
Cod.115,,,,,,,,,,,,,,,,,,,,,,,,
Cod.120,,,,,,,,,,,,,,,,,,,,,,,,
Cod.122,,,,,,,,,,,,,,,,,,,,,,,,
Cod.123,,,,,,,,,,,,,,,,,,,,,,,,
Cod.126,,,,,,,,,,,,,,,,,,,,,,,,
Cod.127,,,,,,,,,,,,,,,,,,,,,,,,
Cod.128,,,,,,,,,,,,,,,,,,,,,,,,
Cod.130,,,,,,,,,,,,,,,,,,,,,,,,
Cod.142,,,,,,,,,,,,,,,,,,,,,,,,
Cod.146,,,,,,,,,,,,,,,,,,,,,,,,
Cod.149,,,,,,,,,,,,,,,,,,,,,,,,
Cod.150,,,,,,,,,,,,,,,,,,,,,,,,
Cod.151,,,,,,,,,,,,,,,,,,,,,,,,
Cod.152,,,,,,,,,,,,,,,,,,,,,,,,
Cod.153,,,,,,,,,,,,,,,,,,,,,,,,
Cod.154,,,,,,,,,,,,,,,,,,,,,,,,
Cod.155,,,,,,,,,,,,,,,,,,,,,,,,
Cod.156,,,,,,,,,,,,,,,,,,,,,,,,
Cod.157,,,,,,,,,,,,,,,,,,,,,,,,
Cod.160,,,,,,,,,,,,,,,,,,,,,,,,
Cod.161,,,,,,,,,,,,,,,,,,,,,,,,
Cod.164,,,,,,,,,,,,,,,,,,,,,,,,
Cod.409,,,,,,,,,,,,,,,,,,,,,,,,
Cod.500,,,,,,,,,,,,,,,,,,,,,,,,
Cod.501,,,,,,,,,,,,,,,,,,,,,,,,
Cod.502,,,,,,,,,,,,,,,,,,,,,,,,
Cod.503,,,,,,,,,,,,,,,,,,,,,,,,
Cod.504,,,,,,,,,,,,,,,,,,,,,,,,
Cod.506,,,,,,,,,,,,,,,,,,,,,,,,
Cod.507,,,,,,,,,,,,,,,,,,,,,,,,
Cod.508,,,,,,,,,,,,,,,,,,,,,,,,
Cod.509,,,,,,,,,,,,,,,,,,,,,,,,
Cod.510,,,,,,,,,,,,,,,,,,,,,,,,
Cod.511,,,,,,,,,,,,,,,,,,,,,,,,
Cod.512,,,,,,,,,,,,,,,,,,,,,,,,
Cod.513,,,,,,,,,,,,,,,,,,,,,,,,
Cod.514,,,,,,,,,,,,,,,,,,,,,,,,
Cod.515,,,,,,,,,,,,,,,,,,,,,,,,
Cod.516,,,,,,,,,,,,,,,,,,,,,,,,
Cod.517,,,,,,,,,,,,,,,,,,,,,,,,
Cod.518,,,,,,,,,,,,,,,,,,,,,,,,
Cod.519,,,,,,,,,,,,,,,,,,,,,,,,
Cod.520,,,,,,,,,,,,,,,,,,,,,,,,
Cod.521,,,,,,,,,,,,,,,,,,,,,,,,
Cod.522,,,,,,,,,,,,,,,,,,,,,,,,
Cod.523,,,,,,,,,,,,,,,,,,,,,,,,
Cod.524,,,,,,,,,,,,,,,,,,,,,,,,
Cod.525,,,,,,,,,,,,,,,,,,,,,,,,
Cod.526,,,,,,,,,,,,,,,,,,,,,,,,
Cod.527,,,,,,,,,,,,,,,,,,,,,,,,
Cod.528,,,,,,,,,,,,,,,,,,,,,,,,
Cod.529,,,,,,,,,,,,,,,,,,,,,,,,
Cod.530,,,,,,,,,,,,,,,,,,,,,,,,
Cod.531,,,,,,,,,,,,,,,,,,,,,,,,
Cod.532,,,,,,,,,,,,,,,,,,,,,,,,
Cod.533,,,,,,,,,,,,,,,,,,,,,,,,
Cod.534,,,,,,,,,,,,,,,,,,,,,,,,
Cod.535,,,,,,,,,,,,,,,,,,,,,,,,
Cod.536,,,,,,,,,,,,,,,,,,,,,,,,
Cod.537,,,,,,,,,,,,,,,,,,,,,,,,
Cod.538,,,,,,,,,,,,,,,,,,,,,,,,
Cod.539,,,,,,,,,,,,,,,,,,,,,,,,
Cod.540,,,,,,,,,,,,,,,,,,,,,,,,
Cod.541,,,,,,,,,,,,,,,,,,,,,,,,
Cod.542,,,,,,,,,,,,,,,,,,,,,,,,
Cod.543,,,,,,,,,,,0,0,,,,,,,,,,,,
Cod.544,0,0,0,0,0,0,0,0,0,0,0,0,0,0,0,0,0,0,0,0,0,0,0,
Cod.545,,,,,,,,,,,,,,,,,,,,,,,,
Cod.546,,,,,,,,,,,,,,,,,,,,,,,,
Cod.547,,,,,,,,,,,0,0,,,,,,,,,,,,
Cod.548,,,,,,,,,,,,,,,,,,,,,,,,
Cod.549,,,,,,,,,,,,,,,,,,,,,,,,
Cod.550,,,,,,,,,,,,,,,,,,,,,,,,
Cod.551,,,,,,,,,,,,,,,,,,,,,,,,
Cod.552,,,,,,,,,,,,,,,,,,,,,,,,
Cod.553,,,,,,,,,,,,,,,,,,,,,,,,
Cod.554,,,,,,,,,,,,,,,,,,,,,,,,
Cod.555,,,,,,,,,,,,,,,,,,,,,,,,
Cod.556,,,,,,,,,,,,,,,,,,,,,,,,
Cod.557,,,,,,,,,,,,,,,,,,,,,,,,
Cod.558,,,,,,,,,,,,,,,,,,,,,,,,
Cod.559,,,,,,,,,,,,,,,,,,,,,,,,
Cod.560,,,,,,,,,,,,,,,,,,,,,,,,
Cod.562,,,438.299,,,,,,,,,,,,,471.769,,475.267,,,,,,
Cod.563,,,,,,,,,,,,,,,,,,,,,,,,
Cod.564,,,,,,,,,,,,,,,,,,,,,,,,
Cod.565,,,,,,,,,,,,,,,,,,,,,,,,
Cod.566,,,,,,,,,,,,,,,,,,,,,,,,
Cod.568,,,,,,,,,,,,,,,,,,,,,,,,
Cod.570,,,,,,,,,,,,,,,,,,,,,,,,
Cod.571,,,,,,,,,,,,,,,,,,,,,,,,
Cod.572,,,,,,,,,,,,,,,,,,,,,,,,
Cod.573,,,,,,,,,,,0,0,,,,,,,,,,,,
Cod.574,,,,,,,,,,,,,,,,,,,,,,,,
Cod.575,,,,,,,,,,,,,,,,,,,,,,,,
Cod.576,,,,,,,,,,,,,,,,,,,,,,,,
Cod.577,,,,,,,,,,,,,,,,,,,,,,,,
Cod.580,,,,,,,,,,,,,,,,,,,,,,,,
Cod.582,,,,,,,,,,,,,,,,,,,,,,,,
Cod.584,,,1,,,,,,,,,,,,,1,,1,,,,,,
Cod.585,,,,,,,,,,,,,,,,,,,,,,,,
Cod.586,,,,,,,,,,,,,,,,,,,,,,,,
Cod.587,,,,,,,,,,,,,,,,,,,,,,,,
Cod.588,,,,,,,,,,,,,,,,,,,,,,,,
Cod.589,,,,,,,,,,,,,,,,,,,,,,,,
Cod.590,,,,,,,,,,,,,,,,,,,,,,,,
Cod.591,,,,,,,,,,,,,,,,,,,,,,,,
Cod.592,,,,,,,,,,,,,,,,,,,,,,,,
Cod.593,,,,,,,,,,,,,,,,,,,,,,,,
Cod.594,,,,,,,,,,,,,,,,,,,,,,,,
Cod.595,,,,,,,,,,,,,,,,,,,,,,,,
Cod.596,,,,,,,,,,,,,,,,,,,,,,,,
Cod.597,,,,,,,,,,,,,,,,,,,,,,,,
Cod.598,,,,,,,,,,,0,0,,,,,,,,,,,,
Cod.602,,,,,,,,,,,,,,,,,,,,,,,,
Cod.603,,,,,,,,,,,,,,,,,,,,,,,,
Cod.700,,,,,,,,,,,,,,,,,,,,,,,,
Cod.701,,,,,,,,,,,,,,,,,,,,,,,,
Cod.702,,,,,,,,,,,,,,,,,,,,,,,,
Cod.703,,,,,,,,,,,,,,,,,,,,,,,,
Cod.704,,,,,,,,,,,,,,,,,,,,,,,,
Cod.705,,,,,,,,,,,,,,,,,,,,,,,,
Cod.706,,,,,,,,,,,,,,,,,,,,,,,,
Cod.707,,,,,,,,,,,,,,,,,,,,,,,,
Cod.708,,,,,,,,,,,,,,,,,,,,,,,,
Cod.709,,,,,,,,,,,,,,,,,,,,,,,,
Cod.710,,,,,,,,,,,,,,,,,,,,,,,,
Cod.711,,,,,,,,,,,,,,,,,,,,,,,,
Cod.712,,,,,,,,,,,,,,,,,,,,,,,,
Cod.713,,,,,,,,,,,,,,,,,,,,,,,,
Cod.714,,,,,,,,,,,,,,,,,,,,,,,,
Cod.715,,,,,,,,,,,,,,,,,,,,,,,,
Cod.716,,,,,,,,,,,,,,,,,,,,,,,,
Cod.717,,,,,,,,,,,,,,,,,,,,,,,,
Cod.718,,,,,,,,,,,,,,,,,,,,,,,,
Cod.720,,,,,,,,,,,,,,,,,,,,,,,,
Cod.721,,,,,,,,,,,,,,,,,,,,,,,,
Cod.722,,,,,,,,,,,,,,,,,,,,,,,,
Cod.723,,,,,,,,,,,,,,,,,,,,,,,,
Cod.724,,,,,,,,,,,,,,,,,,,,,,,,
Cod.725,,,,,,,,,,,,,,,,,,,,,,,,
Cod.727,,,,,,,,,,,,,,,,,,,,,,,,
Cod.728,,,,,,,,,,,,,,,,,,,,,,,,
Cod.729,,,,,,,,,,,,,,,,,,,,,,,,
Cod.730,,,,,,,,,,,,,,,,,,,,,,,,
Cod.731,,,,,,,,,,,,,,,,,,,,,,,,
Cod.732,,,,,,,,,,,,,,,,,,,,,,,,
Cod.733,,,,,,,,,,,,,,,,,,,,,,,,
Cod.734,,,,,,,,,,,,,,,,,,,,,,,,
Cod.736,,,,,,,,,,,,,,,,,,,,,,,,
Cod.737,,,,,,,,,,,,,,,,,,,,,,,,
Cod.738,,,,,,,,,,,,,,,,,,,,,,,,
Cod.739,,,,,,,,,,,,,,,,,,,,,,,,
Cod.740,,,,,,,,,,,,,,,,,,,,,,,,
Cod.741,,,,,,,,,,,,,,,,,,,,,,,,
Cod.742,,,,,,,,,,,,,,,,,,,,,,,,
Cod.743,,,,,,,,,,,,,,,,,,,,,,,,
Cod.744,,,,,,,,,,,,,,,,,,,,,,,,
Cod.745,,,,,,,,,,,,,,,,,,,,,,,,
Cod.750,,,,,,,,,,,,,,,,,,,,,,,,
Cod.752,,,,,,,,,,,,,,,,,,,,,,,,
Cod.753,,,,,,,,,,,,,,,,,,,,,,,,
Cod.754,,,,,,,,,,,,,,,,,,,,,,,,
Cod.755,,,,,,,,,,,0,0,,,,,,,,,,,,
Cod.757,,,,,,,,,,,,,,,,,,,,,,,,
Cod.758,,,,,,,,,,,,,,,,,,,,,,,,
Cod.759,,,,,,,,,,,,,,,,,,,,,,,,
Cod.760,,,,,,,,,,,,,,,,,,,,,,,,
Cod.761,,,,,,,,,,,,,,,,,,,,,,,,
Cod.762,,,,,,,,,,,,,,,,,,,,,,,,
Cod.763,,,,,,,,,,,,,,,,,,,,,,,,
Cod.764,,,,,,,,,,,,,,,,,,,,,,,,
Cod.765,,,,,,,,,,,,,,,,,,,,,,,,
Cod.766,,,,,,,,,,,,,,,,,,,,,,,,
Cod.767,,,,,,,,,,,,,,,,,,,,,,,,
Cod.768,,,,,,,,,,,,,,,,,,,,,,,,
Cod.769,,,,,,,,,,,,,,,,,,,,,,,,
Cod.770,,,,,,,,,,,,,,,,,,,,,,,,
Cod.771,,,,,,,,,,,,,,,,,,,,,,,,
Cod.772,,,,,,,,,,,,,,,,,,,,,,,,
Cod.774,,,,,,,,,,,0,0,,,,,,,,,,,,
Cod.775,,,,,,,,,,,,,,,,,,,,,,,,
Cod.777,0,0,,,,,,,,,,,,,,,,,,,,,,
Cod.779,0,0,0,0,0,0,0,0,0,0,0,0,0,0,0,0,0,0,0,0,0,0,0,
Cod.780,0,0,,,,,,,,,,,,,,,,,,,,,,
Cod.782,,,,,,,,,,,,,,,,,,,,,,,,
Cod.783,,,,,,,,,,,,,,,,,,,,,,,,
Cod.784,0,0,,,,,,,,,,,,,,,,,,,,,,
Cod.785,0,0,,,,,,,,,,,,,,,,,,,,,,
Cod.786,,,,,,,,,,,,,,,,,,,,,,,,
Cod.787,,,,,,,,,,,,,,,,,,,,,,,,
Cod.788,,,,,,,,,,,,,,,,,,,,,,,,
Cod.789,,,,,,,,,,,,,,,,,,,,,,,,
Cod.790,,,,,,,,,,,,,,,,,,,,,,,,
Cod.791,,,,,,,,,,,,,,,,,,,,,,,,
Cod.792,,,,,,,,,,,,,,,,,,,,,,,,
Cod.793,,,,,,,,,,,,,,,,,,,,,,,,
Cod.794,0,0,,,,,,,,,,,,,,,,,,,,,,
Cod.795,,,,,,,,,,,,,,,,,,,,,,,,
Cod.796,,,,,,,,,,,,,,,,,,,,,,,,
Cod.797,,,,,,,,,,,,,,,,,,,,,,,,
Cod.798,,,,,,,,,,,,,,,,,,,,,,,,
Cod.799,,,,,,,,,,,,,,,,,,,,,,,,
Cod.800,,,,,,,,,,,,,,,,,,,,,,,,
Cod.801,,,,,,,,,,,,,,,,,,,,,,,,
Cod.802,,,,,,,,,,,,,,,,,,,,,,,,
Cod.803,,,,,,,,,,,,,,,,,,,,,,,,
Cod.804,,,,,,,,,,,,,,,,,,,,,,,,
Cod.805,,,,,,,,,,,,,,,,,,,,,,,,
Cod.806,,,,,,,,,,,,,,,,,,,,,,,,
Cod.807,,,,,,,,,,,,,,,,,,,,,,,,
Cod.808,,,,,,,,,,,,,,,,,,,,,,,,
Cod.809,,,,,,,,,,,,,,,,,,,,,,,,
Cod.810,,,,,,,,,,,,,,,,,,,,,,,,
Cod.915,,,,,,,,,,,,,,,,,,,,,,,,
Cod.922,,,,,,,,,,,,,,,,,,,,,,,,
Formulario 50,2021-07,2021-08,2021-09,2021-10,2021-11,2021-12,2022-01,2022-02,2022-03,2022-04,2022-05,2022-06,2022-07,2022-08,2022-09,2022-10,2022-11,2022-12,2023-01,2023-02,2023-03,2023-04,2023-05,2023-06,2023-07,2023-08,2023-09,2023-10,2023-11,2023-12,2024-01,2024-02,2024-03,2024-04,2024-05,2024-06
Cod.26 ,,,,,,,,,,,,,,,,,,,,,,,,,,,,,,,,,,,,
Cod.28 ,,,,,,,,,,,,,,,,,,,,,,,,,,,,,,,,,,,,
Cod.50 ,,,,,,,,,,,,,,,,,,,,,,,,,,,,,,,,,,,,
Cod.52 ,,,,,,,,,,,,,,,,,,,,,,,,,,,,,,,,,,,,
Cod.54 ,,,,,,,,,,,,,,,,,,,,,,,,,,,,,,,,,,,,
Cod.56 ,,,,,,,,,,,,,,,,,,,,,,,,,,,,,,,,,,,,
Cod.58 ,,,,,,,,,,,,,,,,,,,,,,,,,,,,,,,,,,,,
Cod.59 ,,,,,,,,,,,,,,,,,,,,,,,,,,,,,,,,,,,,
Cod.60,,,,,,,,,,,,,,,,,,,,,,,,,,,,,,,,,,,,
Cod.67 ,,,,,,,,,,,,,,,,,,,,,,,,,,,,,,,,,,,,
Cod.74,,,,,,,,,,,,,,,,,,,,,,,,,,,,,,,,,,,,
Cod.75,,,,,,,,,,,,,,,,,,,,,,,,,,,,,,,,,,,,
Cod.77,,,,,,,,,,,,,,,,,,,,,,,,,,,,,,,,,,,,
Cod.78,,,,,,,,,,,,,,,,,,,,,,,,,,,,,,,,,,,,
Cod.80,,,,,,,,,,,,,,,,,,,,,,,,,,,,,,,,,,,,
Cod.82 ,,,,,,,,,,,,,,,,,,,,,,,,,,,,,,,,,,,,
Cod.91 ,,,,,,,,,,,,,,,,,,,,,,,,,,,,,,,,,,,,
Cod.92,,,,,,,,,,,,,,,,,,,,,,,,,,,,,,,,,,,,
Cod.93 ,,,,,,,,,,,,,,,,,,,,,,,,,,,,,,,,,,,,
Cod.94 ,,,,,,,,,,,,,,,,,,,,,,,,,,,,,,,,,,,,
Cod.115,,,,,,,,,,,,,,,,,,,,,,,,,,,,,,,,,,,,
Cod.125,,,,,,,,,,,,,,,,,,,,,,,,,,,,,,,,,,,,
Cod.159 ,,,,,,,,,,,,,,,,,,,,,,,,,,,,,,,,,,,,
Cod.199,,,,,,,,,,,,,,,,,,,,,,,,,,,,,,,,,,,,
Cod.210,,,,,,,,,,,,,,,,,,,,,,,,,,,,,,,,,,,,
Cod.211,,,,,,,,,,,,,,,,,,,,,,,,,,,,,,,,,,,,
Cod.227 ,,,,,,,,,,,,,,,,,,,,,,,,,,,,,,,,,,,,
Cod.241,,,,,,,,,,,,,,,,,,,,,,,,,,,,,,,,,,,,
Cod.244 ,,,,,,,,,,,,,,,,,,,,,,,,,,,,,,,,,,,,
Cod.250,,,,,,,,,,,,,,,,,,,,,,,,,,,,,,,,,,,,
Cod.251,,,,,,,,,,,,,,,,,,,,,,,,,,,,,,,,,,,,
Cod.252,,,,,,,,,,,,,,,,,,,,,,,,,,,,,,,,,,,,
Cod.253,,,,,,,,,,,,,,,,,,,,,,,,,,,,,,,,,,,,
Cod.264,,,,,,,,,,,,,,,,,,,,,,,,,,,,,,,,,,,,
Cod.265,,,,,,,,,,,,,,,,,,,,,,,,,,,,,,,,,,,,
Cod.266,,,,,,,,,,,,,,,,,,,,,,,,,,,,,,,,,,,,
Cod.270,,,,,,,,,,,,,,,,,,,,,,,,,,,,,,,,,,,,
Cod.271,,,,,,,,,,,,,,,,,,,,,,,,,,,,,,,,,,,,
Cod.272 ,,,,,,,,,,,,,,,,,,,,,,,,,,,,,,,,,,,,
Cod.273 ,,,,,,,,,,,,,,,,,,,,,,,,,,,,,,,,,,,,
Cod.280,,,,,,,,,,,,,,,,,,,,,,,,,,,,,,,,,,,,
Cod.281,,,,,,,,,,,,,,,,,,,,,,,,,,,,,,,,,,,,
Cod.282,,,,,,,,,,,,,,,,,,,,,,,,,,,,,,,,,,,,
Cod.283,,,,,,,,,,,,,,,,,,,,,,,,,,,,,,,,,,,,
Cod.284,,,,,,,,,,,,,,,,,,,,,,,,,,,,,,,,,,,,
Cod.285,,,,,,,,,,,,,,,,,,,,,,,,,,,,,,,,,,,,
Cod.286,,,,,,,,,,,,,,,,,,,,,,,,,,,,,,,,,,,,
Cod.287,,,,,,,,,,,,,,,,,,,,,,,,,,,,,,,,,,,,
Cod.288,,,,,,,,,,,,,,,,,,,,,,,,,,,,,,,,,,,,
Cod.289,,,,,,,,,,,,,,,,,,,,,,,,,,,,,,,,,,,,
Cod.290,,,,,,,,,,,,,,,,,,,,,,,,,,,,,,,,,,,,
Cod.291 ,,,,,,,,,,,,,,,,,,,,,,,,,,,,,,,,,,,,
Cod.292,,,,,,,,,,,,,,,,,,,,,,,,,,,,,,,,,,,,
Cod.293 ,,,,,,,,,,,,,,,,,,,,,,,,,,,,,,,,,,,,
Cod.294 ,,,,,,,,,,,,,,,,,,,,,,,,,,,,,,,,,,,,
Cod.295,,,,,,,,,,,,,,,,,,,,,,,,,,,,,,,,,,,,
Cod.296 ,,,,,,,,,,,,,,,,,,,,,,,,,,,,,,,,,,,,
Cod.297 ,,,,,,,,,,,,,,,,,,,,,,,,,,,,,,,,,,,,
Cod.600 ,,,,,,,,,,,,,,,,,,,,,,,,,,,,,,,,,,,,
Cod.602 ,,,,,,,,,,,,,,,,,,,,,,,,,,,,,,,,,,,,
Cod.604 ,,,,,,,,,,,,,,,,,,,,,,,,,,,,,,,,,,,,
Cod.606 ,,,,,,,,,,,,,,,,,,,,,,,,,,,,,,,,,,,,
Cod.614,,,,,,,,,,,,,,,,,,,,,,,,,,,,,,,,,,,,
Cod.615,,,,,,,,,,,,,,,,,,,,,,,,,,,,,,,,,,,,
Cod.618,,,,,,,,,,,,,,,,,,,,,,,,,,,,,,,,,,,,
Cod.619,,,,,,,,,,,,,,,,,,,,,,,,,,,,,,,,,,,,
Cod.620,,,,,,,,,,,,,,,,,,,,,,,,,,,,,,,,,,,,
Cod.621,,,,,,,,,,,,,,,,,,,,,,,,,,,,,,,,,,,,
Cod.622 ,,,,,,,,,,,,,,,,,,,,,,,,,,,,,,,,,,,,
Cod.623 ,,,,,,,,,,,,,,,,,,,,,,,,,,,,,,,,,,,,
Cod.624 ,,,,,,,,,,,,,,,,,,,,,,,,,,,,,,,,,,,,
Cod.625 ,,,,,,,,,,,,,,,,,,,,,,,,,,,,,,,,,,,,
Cod.626 ,,,,,,,,,,,,,,,,,,,,,,,,,,,,,,,,,,,,
Cod.627 ,,,,,,,,,,,,,,,,,,,,,,,,,,,,,,,,,,,,
Cod.628,,,,,,,,,,,,,,,,,,,,,,,,,,,,,,,,,,,,
Cod.629,,,,,,,,,,,,,,,,,,,,,,,,,,,,,,,,,,,,
Cod.630,,,,,,,,,,,,,,,,,,,,,,,,,,,,,,,,,,,,
Cod.631,,,,,,,,,,,,,,,,,,,,,,,,,,,,,,,,,,,,
Cod.632,,,,,,,,,,,,,,,,,,,,,,,,,,,,,,,,,,,,
Cod.633,,,,,,,,,,,,,,,,,,,,,,,,,,,,,,,,,,,,
Cod.634,,,,,,,,,,,,,,,,,,,,,,,,,,,,,,,,,,,,
Cod.635,,,,,,,,,,,,,,,,,,,,,,,,,,,,,,,,,,,,
Cod.636,,,,,,,,,,,,,,,,,,,,,,,,,,,,,,,,,,,,
Cod.637,,,,,,,,,,,,,,,,,,,,,,,,,,,,,,,,,,,,
Cod.638,,,,,,,,,,,,,,,,,,,,,,,,,,,,,,,,,,,,
Cod.639,,,,,,,,,,,,,,,,,,,,,,,,,,,,,,,,,,,,
Cod.640,,,,,,,,,,,,,,,,,,,,,,,,,,,,,,,,,,,,
Cod.641,,,,,,,,,,,,,,,,,,,,,,,,,,,,,,,,,,,,
Cod.642,,,,,,,,,,,,,,,,,,,,,,,,,,,,,,,,,,,,
Cod.643,,,,,,,,,,,,,,,,,,,,,,,,,,,,,,,,,,,,
Cod.644,,,,,,,,,,,,,,,,,,,,,,,,,,,,,,,,,,,,
Cod.645,,,,,,,,,,,,,,,,,,,,,,,,,,,,,,,,,,,,
Cod.650 ,,,,,,,,,,,,,,,,,,,,,,,,,,,,,,,,,,,,
Cod.651 ,,,,,,,,,,,,,,,,,,,,,,,,,,,,,,,,,,,,
Cod.652 ,,,,,,,,,,,,,,,,,,,,,,,,,,,,,,,,,,,,
Cod.653 ,,,,,,,,,,,,,,,,,,,,,,,,,,,,,,,,,,,,
Cod.654 ,,,,,,,,,,,,,,,,,,,,,,,,,,,,,,,,,,,,
Cod.655 ,,,,,,,,,,,,,,,,,,,,,,,,,,,,,,,,,,,,
Cod.656,,,,,,,,,,,,,,,,,,,,,,,,,,,,,,,,,,,,
Cod.657 ,,,,,,,,,,,,,,,,,,,,,,,,,,,,,,,,,,,,
Cod.658 ,,,,,,,,,,,,,,,,,,,,,,,,,,,,,,,,,,,,
Cod.659,,,,,,,,,,,,,,,,,,,,,,,,,,,,,,,,,,,,
Cod.660 ,,,,,,,,,,,,,,,,,,,,,,,,,,,,,,,,,,,,
Cod.661 ,,,,,,,,,,,,,,,,,,,,,,,,,,,,,,,,,,,,
Cod.662 ,,,,,,,,,,,,,,,,,,,,,,,,,,,,,,,,,,,,
Cod.663,,,,,,,,,,,,,,,,,,,,,,,,,,,,,,,,,,,,
Cod.664 ,,,,,,,,,,,,,,,,,,,,,,,,,,,,,,,,,,,,
Cod.665 ,,,,,,,,,,,,,,,,,,,,,,,,,,,,,,,,,,,,
Cod.666,,,,,,,,,,,,,,,,,,,,,,,,,,,,,,,,,,,,
Cod.667 ,,,,,,,,,,,,,,,,,,,,,,,,,,,,,,,,,,,,
Cod.668 ,,,,,,,,,,,,,,,,,,,,,,,,,,,,,,,,,,,,
Cod.669,,,,,,,,,,,,,,,,,,,,,,,,,,,,,,,,,,,,
Cod.670 ,,,,,,,,,,,,,,,,,,,,,,,,,,,,,,,,,,,,
Cod.671 ,,,,,,,,,,,,,,,,,,,,,,,,,,,,,,,,,,,,
Cod.672,,,,,,,,,,,,,,,,,,,,,,,,,,,,,,,,,,,,
Cod.673 ,,,,,,,,,,,,,,,,,,,,,,,,,,,,,,,,,,,,
Cod.674 ,,,,,,,,,,,,,,,,,,,,,,,,,,,,,,,,,,,,
Cod.675,,,,,,,,,,,,,,,,,,,,,,,,,,,,,,,,,,,,
Cod.676 ,,,,,,,,,,,,,,,,,,,,,,,,,,,,,,,,,,,,
Cod.677 ,,,,,,,,,,,,,,,,,,,,,,,,,,,,,,,,,,,,
Cod.678,,,,,,,,,,,,,,,,,,,,,,,,,,,,,,,,,,,,
Cod.679 ,,,,,,,,,,,,,,,,,,,,,,,,,,,,,,,,,,,,
Cod.680 ,,,,,,,,,,,,,,,,,,,,,,,,,,,,,,,,,,,,
Cod.681 ,,,,,,,,,,,,,,,,,,,,,,,,,,,,,,,,,,,,
Cod.682 ,,,,,,,,,,,,,,,,,,,,,,,,,,,,,,,,,,,,
Cod.683,,,,,,,,,,,,,,,,,,,,,,,,,,,,,,,,,,,,
Cod.684 ,,,,,,,,,,,,,,,,,,,,,,,,,,,,,,,,,,,,
Cod.685 ,,,,,,,,,,,,,,,,,,,,,,,,,,,,,,,,,,,,
Cod.686 ,,,,,,,,,,,,,,,,,,,,,,,,,,,,,,,,,,,,
Cod.687 ,,,,,,,,,,,,,,,,,,,,,,,,,,,,,,,,,,,,
Cod.688,,,,,,,,,,,,,,,,,,,,,,,,,,,,,,,,,,,,
Cod.689 ,,,,,,,,,,,,,,,,,,,,,,,,,,,,,,,,,,,,
Cod.690 ,,,,,,,,,,,,,,,,,,,,,,,,,,,,,,,,,,,,
Cod.691 ,,,,,,,,,,,,,,,,,,,,,,,,,,,,,,,,,,,,
Cod.692 ,,,,,,,,,,,,,,,,,,,,,,,,,,,,,,,,,,,,
Cod.693,,,,,,,,,,,,,,,,,,,,,,,,,,,,,,,,,,,,
Cod.694 ,,,,,,,,,,,,,,,,,,,,,,,,,,,,,,,,,,,,
Cod.695 ,,,,,,,,,,,,,,,,,,,,,,,,,,,,,,,,,,,,
Cod.696 ,,,,,,,,,,,,,,,,,,,,,,,,,,,,,,,,,,,,
Cod.697 ,,,,,,,,,,,,,,,,,,,,,,,,,,,,,,,,,,,,
Cod.698,,,,,,,,,,,,,,,,,,,,,,,,,,,,,,,,,,,,
Cod.699 ,,,,,,,,,,,,,,,,,,,,,,,,,,,,,,,,,,,,
Cod.700 ,,,,,,,,,,,,,,,,,,,,,,,,,,,,,,,,,,,,
Cod.701 ,,,,,,,,,,,,,,,,,,,,,,,,,,,,,,,,,,,,
Cod.702 ,,,,,,,,,,,,,,,,,,,,,,,,,,,,,,,,,,,,
Cod.703,,,,,,,,,,,,,,,,,,,,,,,,,,,,,,,,,,,,
Cod.704 ,,,,,,,,,,,,,,,,,,,,,,,,,,,,,,,,,,,,
Cod.705 ,,,,,,,,,,,,,,,,,,,,,,,,,,,,,,,,,,,,
Cod.706 ,,,,,,,,,,,,,,,,,,,,,,,,,,,,,,,,,,,,
Cod.707 ,,,,,,,,,,,,,,,,,,,,,,,,,,,,,,,,,,,,
Cod.708,,,,,,,,,,,,,,,,,,,,,,,,,,,,,,,,,,,,
Cod.709 ,,,,,,,,,,,,,,,,,,,,,,,,,,,,,,,,,,,,
Cod.710 ,,,,,,,,,,,,,,,,,,,,,,,,,,,,,,,,,,,,
Cod.711 ,,,,,,,,,,,,,,,,,,,,,,,,,,,,,,,,,,,,
Cod.712 ,,,,,,,,,,,,,,,,,,,,,,,,,,,,,,,,,,,,
Cod.713,,,,,,,,,,,,,,,,,,,,,,,,,,,,,,,,,,,,
Cod.714 ,,,,,,,,,,,,,,,,,,,,,,,,,,,,,,,,,,,,
Cod.715 ,,,,,,,,,,,,,,,,,,,,,,,,,,,,,,,,,,,,
Cod.716,,,,,,,,,,,,,,,,,,,,,,,,,,,,,,,,,,,,
Cod.717 ,,,,,,,,,,,,,,,,,,,,,,,,,,,,,,,,,,,,
Cod.718 ,,,,,,,,,,,,,,,,,,,,,,,,,,,,,,,,,,,,
Cod.719 ,,,,,,,,,,,,,,,,,,,,,,,,,,,,,,,,,,,,
Cod.720 ,,,,,,,,,,,,,,,,,,,,,,,,,,,,,,,,,,,,
Cod.721 ,,,,,,,,,,,,,,,,,,,,,,,,,,,,,,,,,,,,
Cod.722 ,,,,,,,,,,,,,,,,,,,,,,,,,,,,,,,,,,,,
Cod.723 ,,,,,,,,,,,,,,,,,,,,,,,,,,,,,,,,,,,,
Cod.724 ,,,,,,,,,,,,,,,,,,,,,,,,,,,,,,,,,,,,
Cod.728,,,,,,,,,,,,,,,,,,,,,,,,,,,,,,,,,,,,
Cod.729 ,,,,,,,,,,,,,,,,,,,,,,,,,,,,,,,,,,,,
Cod.730 ,,,,,,,,,,,,,,,,,,,,,,,,,,,,,,,,,,,,
Cod.731,,,,,,,,,,,,,,,,,,,,,,,,,,,,,,,,,,,,
Cod.732 ,,,,,,,,,,,,,,,,,,,,,,,,,,,,,,,,,,,,
Cod.733 ,,,,,,,,,,,,,,,,,,,,,,,,,,,,,,,,,,,,
Cod.734,,,,,,,,,,,,,,,,,,,,,,,,,,,,,,,,,,,,
Cod.735 ,,,,,,,,,,,,,,,,,,,,,,,,,,,,,,,,,,,,
Cod.736 ,,,,,,,,,,,,,,,,,,,,,,,,,,,,,,,,,,,,
Cod.737,,,,,,,,,,,,,,,,,,,,,,,,,,,,,,,,,,,,
Cod.738 ,,,,,,,,,,,,,,,,,,,,,,,,,,,,,,,,,,,,
Cod.739 ,,,,,,,,,,,,,,,,,,,,,,,,,,,,,,,,,,,,
Cod.740 ,,,,,,,,,,,,,,,,,,,,,,,,,,,,,,,,,,,,
Cod.741 ,,,,,,,,,,,,,,,,,,,,,,,,,,,,,,,,,,,,
Cod.742 ,,,,,,,,,,,,,,,,,,,,,,,,,,,,,,,,,,,,
Cod.743 ,,,,,,,,,,,,,,,,,,,,,,,,,,,,,,,,,,,,
Cod.744 ,,,,,,,,,,,,,,,,,,,,,,,,,,,,,,,,,,,,
Cod.745 ,,,,,,,,,,,,,,,,,,,,,,,,,,,,,,,,,,,,
Cod.746 ,,,,,,,,,,,,,,,,,,,,,,,,,,,,,,,,,,,,
Cod.747 ,,,,,,,,,,,,,,,,,,,,,,,,,,,,,,,,,,,,
Cod.748 ,,,,,,,,,,,,,,,,,,,,,,,,,,,,,,,,,,,,
Cod.749 ,,,,,,,,,,,,,,,,,,,,,,,,,,,,,,,,,,,,
Cod.750 ,,,,,,,,,,,,,,,,,,,,,,,,,,,,,,,,,,,,
Cod.751 ,,,,,,,,,,,,,,,,,,,,,,,,,,,,,,,,,,,,
Cod.752 ,,,,,,,,,,,,,,,,,,,,,,,,,,,,,,,,,,,,
Cod.753 ,,,,,,,,,,,,,,,,,,,,,,,,,,,,,,,,,,,,
Cod.756 ,,,,,,,,,,,,,,,,,,,,,,,,,,,,,,,,,,,,
Cod.757 ,,,,,,,,,,,,,,,,,,,,,,,,,,,,,,,,,,,,
Cod.758 ,,,,,,,,,,,,,,,,,,,,,,,,,,,,,,,,,,,,
Cod.759 ,,,,,,,,,,,,,,,,,,,,,,,,,,,,,,,,,,,,
Cod.760 ,,,,,,,,,,,,,,,,,,,,,,,,,,,,,,,,,,,,
Cod.761 ,,,,,,,,,,,,,,,,,,,,,,,,,,,,,,,,,,,,
Cod.762,,,,,,,,,,,,,,,,,,,,,,,,,,,,,,,,,,,,
Cod.763 ,,,,,,,,,,,,,,,,,,,,,,,,,,,,,,,,,,,,
Cod.764 ,,,,,,,,,,,,,,,,,,,,,,,,,,,,,,,,,,,,
Cod.765 ,,,,,,,,,,,,,,,,,,,,,,,,,,,,,,,,,,,,
Cod.766 ,,,,,,,,,,,,,,,,,,,,,,,,,,,,,,,,,,,,
Cod.767,,,,,,,,,,,,,,,,,,,,,,,,,,,,,,,,,,,,
Cod.768 ,,,,,,,,,,,,,,,,,,,,,,,,,,,,,,,,,,,,
Cod.769 ,,,,,,,,,,,,,,,,,,,,,,,,,,,,,,,,,,,,
Cod.770 ,,,,,,,,,,,,,,,,,,,,,,,,,,,,,,,,,,,,
Cod.771 ,,,,,,,,,,,,,,,,,,,,,,,,,,,,,,,,,,,,
Cod.772 ,,,,,,,,,,,,,,,,,,,,,,,,,,,,,,,,,,,,
Cod.773 ,,,,,,,,,,,,,,,,,,,,,,,,,,,,,,,,,,,,
Cod.774 ,,,,,,,,,,,,,,,,,,,,,,,,,,,,,,,,,,,,
Cod.775 ,,,,,,,,,,,,,,,,,,,,,,,,,,,,,,,,,,,,
Cod.776 ,,,,,,,,,,,,,,,,,,,,,,,,,,,,,,,,,,,,
Cod.777 ,,,,,,,,,,,,,,,,,,,,,,,,,,,,,,,,,,,,
Cod.778 ,,,,,,,,,,,,,,,,,,,,,,,,,,,,,,,,,,,,
Cod.779 ,,,,,,,,,,,,,,,,,,,,,,,,,,,,,,,,,,,,
Cod.780 ,,,,,,,,,,,,,,,,,,,,,,,,,,,,,,,,,,,,
Cod.781 ,,,,,,,,,,,,,,,,,,,,,,,,,,,,,,,,,,,,
Cod.782 ,,,,,,,,,,,,,,,,,,,,,,,,,,,,,,,,,,,,
Cod.783 ,,,,,,,,,,,,,,,,,,,,,,,,,,,,,,,,,,,,
Cod.784 ,,,,,,,,,,,,,,,,,,,,,,,,,,,,,,,,,,,,
Cod.785,,,,,,,,,,,,,,,,,,,,,,,,,,,,,,,,,,,,
Cod.786,,,,,,,,,,,,,,,,,,,,,,,,,,,,,,,,,,,,
Cod.787,,,,,,,,,,,,,,,,,,,,,,,,,,,,,,,,,,,,
Cod.788,,,,,,,,,,,,,,,,,,,,,,,,,,,,,,,,,,,,
Cod.789 ,,,,,,,,,,,,,,,,,,,,,,,,,,,,,,,,,,,,
Cod.790,,,,,,,,,,,,,,,,,,,,,,,,,,,,,,,,,,,,
Cod.791 ,,,,,,,,,,,,,,,,,,,,,,,,,,,,,,,,,,,,
Cod.792 ,,,,,,,,,,,,,,,,,,,,,,,,,,,,,,,,,,,,
Cod.793,,,,,,,,,,,,,,,,,,,,,,,,,,,,,,,,,,,,
Cod.794,,,,,,,,,,,,,,,,,,,,,,,,,,,,,,,,,,,,
Cod.795 ,,,,,,,,,,,,,,,,,,,,,,,,,,,,,,,,,,,,
Cod.796,,,,,,,,,,,,,,,,,,,,,,,,,,,,,,,,,,,,
Cod.797,,,,,,,,,,,,,,,,,,,,,,,,,,,,,,,,,,,,
Cod.798,,,,,,,,,,,,,,,,,,,,,,,,,,,,,,,,,,,,
Cod.799,,,,,,,,,,,,,,,,,,,,,,,,,,,,,,,,,,,,
Cod.800,,,,,,,,,,,,,,,,,,,,,,,,,,,,,,,,,,,,
Cod.801,,,,,,,,,,,,,,,,,,,,,,,,,,,,,,,,,,,,
Cod.802,,,,,,,,,,,,,,,,,,,,,,,,,,,,,,,,,,,,
Cod.803,,,,,,,,,,,,,,,,,,,,,,,,,,,,,,,,,,,,
Cod.804,,,,,,,,,,,,,,,,,,,,,,,,,,,,,,,,,,,,
Cod.805,,,,,,,,,,,,,,,,,,,,,,,,,,,,,,,,,,,,
Cod.806,,,,,,,,,,,,,,,,,,,,,,,,,,,,,,,,,,,,
Cod.807,,,,,,,,,,,,,,,,,,,,,,,,,,,,,,,,,,,,
Cod.808,,,,,,,,,,,,,,,,,,,,,,,,,,,,,,,,,,,,
Cod.809,,,,,,,,,,,,,,,,,,,,,,,,,,,,,,,,,,,,
Cod.810,,,,,,,,,,,,,,,,,,,,,,,,,,,,,,,,,,,,
Cod.811,,,,,,,,,,,,,,,,,,,,,,,,,,,,,,,,,,,,
Cod.812,,,,,,,,,,,,,,,,,,,,,,,,,,,,,,,,,,,,
Cod.813,,,,,,,,,,,,,,,,,,,,,,,,,,,,,,,,,,,,
Cod.814,,,,,,,,,,,,,,,,,,,,,,,,,,,,,,,,,,,,
Cod.815 ,,,,,,,,,,,,,,,,,,,,,,,,,,,,,,,,,,,,
Cod.816 ,,,,,,,,,,,,,,,,,,,,,,,,,,,,,,,,,,,,
Cod.817 ,,,,,,,,,,,,,,,,,,,,,,,,,,,,,,,,,,,,
Cod.818,,,,,,,,,,,,,,,,,,,,,,,,,,,,,,,,,,,,
Cod.819,,,,,,,,,,,,,,,,,,,,,,,,,,,,,,,,,,,,
Cod.820,,,,,,,,,,,,,,,,,,,,,,,,,,,,,,,,,,,,
Cod.821,,,,,,,,,,,,,,,,,,,,,,,,,,,,,,,,,,,,
Cod.822,,,,,,,,,,,,,,,,,,,,,,,,,,,,,,,,,,,,
Cod.823,,,,,,,,,,,,,,,,,,,,,,,,,,,,,,,,,,,,
Cod.824,,,,,,,,,,,,,,,,,,,,,,,,,,,,,,,,,,,,
Cod.825,,,,,,,,,,,,,,,,,,,,,,,,,,,,,,,,,,,,
Cod.830,,,,,,,,,,,,,,,,,,,,,,,,,,,,,,,,,,,,
Cod.831,,,,,,,,,,,,,,,,,,,,,,,,,,,,,,,,,,,,
Cod.832,,,,,,,,,,,,,,,,,,,,,,,,,,,,,,,,,,,,
Cod.833 ,,,,,,,,,,,,,,,,,,,,,,,,,,,,,,,,,,,,
Cod.834 ,,,,,,,,,,,,,,,,,,,,,,,,,,,,,,,,,,,,
Cod.835 ,,,,,,,,,,,,,,,,,,,,,,,,,,,,,,,,,,,,
Cod.836 ,,,,,,,,,,,,,,,,,,,,,,,,,,,,,,,,,,,,
Cod.837 ,,,,,,,,,,,,,,,,,,,,,,,,,,,,,,,,,,,,
Cod.838 ,,,,,,,,,,,,,,,,,,,,,,,,,,,,,,,,,,,,
Cod.839 ,,,,,,,,,,,,,,,,,,,,,,,,,,,,,,,,,,,,
Cod.840 ,,,,,,,,,,,,,,,,,,,,,,,,,,,,,,,,,,,,
Cod.841 ,,,,,,,,,,,,,,,,,,,,,,,,,,,,,,,,,,,,
Cod.842 ,,,,,,,,,,,,,,,,,,,,,,,,,,,,,,,,,,,,
Cod.843 ,,,,,,,,,,,,,,,,,,,,,,,,,,,,,,,,,,,,
Cod.844 ,,,,,,,,,,,,,,,,,,,,,,,,,,,,,,,,,,,,
Cod.915,,,,,,,,,,,,,,,,,,,,,,,,,,,,,,,,,,,,
Cod.922,,,,,,,,,,,,,,,,,,,,,,,,,,,,,,,,,,,,
Declaraciones Juradas Pendientes
2019
Código
Declaración Jurada
Fecha Vencimiento
Fecha Presentación
2020
Código
Declaración Jurada
Fecha Vencimiento
Fecha Presentación
2021
Código,1847,1926,1907,1913
Declaración Jurada,Balance de 8 columnas y otros antecedentes.,Base Imponible de Primera CategorÃ­Â­a y Datos Contables Balance.,Precios de Transferencia,CaracterizaciÃ³n Tributaria Global.
Fecha Vencimiento,29/06/2024,29/06/2024,29/06/2024,29/06/2024
Fecha Presentación,Pendiente,Pendiente,Pendiente,Pendiente
2022
Código
Declaración Jurada
Fecha Vencimiento
Fecha Presentación
2023
Código,1907,1913
Declaración Jurada,Precios de Transferencia,CaracterizaciÃ³n Tributaria Global.
Fecha Vencimiento,01/07/2022,01/07/2022
Fecha Presentación,Pendiente,Pendiente
2024
Código,1847,1926,1907,1913
Declaración Jurada,Balance de 8 columnas y otros antecedentes.,Base Imponible de Primera CategorÃ­Â­a y Datos Contables Balance.,Precios de Transferencia,CaracterizaciÃ³n Tributaria Global.
Fecha Vencimiento,29/06/2024,29/06/2024,01/07/2023,01/07/2023
Fecha Presentación,Pendiente,Pendiente,Pendiente,Pendiente
Formulario 3601
2023-07
Cod.201
Cod.202
Cod.203
Cod.204
Cod.205
Cod.206
Cod.207
Cod.208
Cod.209
Cod.210
Cod.211
Cod.212
Cod.213
Cod.700
Cod.701
Cod.702
Cod.703
Cod.704
2023-08
Cod.201
Cod.202
Cod.203
Cod.204
Cod.205
Cod.206
Cod.207
Cod.208
Cod.209
Cod.210
Cod.211
Cod.212
Cod.213
Cod.700
Cod.701
Cod.702
Cod.703
Cod.704
2023-09
Cod.201
Cod.202
Cod.203
Cod.204
Cod.205
Cod.206
Cod.207
Cod.208
Cod.209
Cod.210
Cod.211
Cod.212
Cod.213
Cod.700
Cod.701
Cod.702
Cod.703
Cod.704
2023-10
Cod.201
Cod.202
Cod.203
Cod.204
Cod.205
Cod.206
Cod.207
Cod.208
Cod.209
Cod.210
Cod.211
Cod.212
Cod.213
Cod.700
Cod.701
Cod.702
Cod.703
Cod.704
2023-11
Cod.201
Cod.202
Cod.203
Cod.204
Cod.205
Cod.206
Cod.207
Cod.208
Cod.209
Cod.210
Cod.211
Cod.212
Cod.213
Cod.700
Cod.701
Cod.702
Cod.703
Cod.704
2023-12
Cod.201
Cod.202
Cod.203
Cod.204
Cod.205
Cod.206
Cod.207
Cod.208
Cod.209
Cod.210
Cod.211
Cod.212
Cod.213
Cod.700
Cod.701
Cod.702
Cod.703
Cod.704
2024-01
Cod.201
Cod.202
Cod.203
Cod.204
Cod.205
Cod.206
Cod.207
Cod.208
Cod.209
Cod.210
Cod.211
Cod.212
Cod.213
Cod.700
Cod.701
Cod.702
Cod.703
Cod.704
2024-02
Cod.201
Cod.202
Cod.203
Cod.204
Cod.205
Cod.206
Cod.207
Cod.208
Cod.209
Cod.210
Cod.211
Cod.212
Cod.213
Cod.700
Cod.701
Cod.702
Cod.703
Cod.704
2024-03
Cod.201
Cod.202
Cod.203
Cod.204
Cod.205
Cod.206
Cod.207
Cod.208
Cod.209
Cod.210
Cod.211
Cod.212
Cod.213
Cod.700
Cod.701
Cod.702
Cod.703
Cod.704
2024-04
Cod.201
Cod.202
Cod.203
Cod.204
Cod.205
Cod.206
Cod.207
Cod.208
Cod.209
Cod.210
Cod.211
Cod.212
Cod.213
Cod.700
Cod.701
Cod.702
Cod.703
Cod.704
2024-05
Cod.201
Cod.202
Cod.203
Cod.204
Cod.205
Cod.206
Cod.207
Cod.208
Cod.209
Cod.210
Cod.211
Cod.212
Cod.213
Cod.700
Cod.701
Cod.702
Cod.703
Cod.704
2024-06
Cod.201
Cod.202
Cod.203
Cod.204
Cod.205
Cod.206
Cod.207
Cod.208
Cod.209
Cod.210
Cod.211
Cod.212
Cod.213
Cod.700
Cod.701
Cod.702
Cod.703
Cod.704
Declaración Jurada 1913,2022,2023,2024
Sección B: DATOS REFERIDOS A GRUPO O HOLDING EMPRESARIAL
¿Pertenece a un grupo o holding empresarial?
En caso de ser positiva la respuesta a la pregunta anterior ¿Pertenece a un grupo o holding empresarial nacional o extranjero?
País del grupo o holding empresarial extranjero.
En caso de pertenecer a un grupo o holding nacional o extranjero señale cuántas sociedades controla en el exterior.
"En caso de ser positiva la respuesta a la pregunta N° 1 indique el nombre del grupo o holding empresarial. Si su grupo o holding empresarial no aparece en el listado desplegable, seleccione 'OTRO' y escríbalo en la casilla contigua."
OTRO
¿Qué porcentaje (%) del total de sus ingresos representan las operaciones con empresas relacionadas nacionales y/o del exterior efectuadas durante el año comercial?
Empresas relacionadas nacionales
Empresas relacionadas del exterior
¿Qué porcentaje (%) del total de costos y gastos representan las operaciones con empresas relacionadas nacionales y/o del exterior efectuadas durante el año comercial?
Empresas relacionadas nacionales
Empresas relacionadas del exterior
En el caso de las dos preguntas anteriores ¿todas las empresas contrapartes de esas operaciones poseen personal propio y activos relevantes?
¿Hubo cambio en los integrantes del Gobierno Corporativo durante el año comercial?
En caso que su respuesta a la pregunta N°1 de esta sección haya sido positiva ¿Se considera Ud. Matriz del Grupo Empresarial?
¿Utiliza cuentas corrientes mercantiles para las operaciones con sus empresas relacionadas?
Sección C: DATOS REFERIDOS REORGANIZACIÓN EMPRESARIAL
"¿En el o los procesos de reorganización empresarial llevados a cabo en el último año comercial participó algún asesor externo, nacional o internacional, persona jurídica o natural?"
¿ Qué tipo de reorganización empresarial le afectó en el año comercial (marcar con X las que correspondan)
En el caso que se haya efectuado una o más fusiones de empresas en el último año comercial ¿Se generó un Goodwill o Badwill tributario?
"En el o los procesos de reorganización llevados a cabo durante el año comercial, dentro de los 12 meses anteriores y 12 meses posteriorea a dicha reorganizacion o conjunto de ellas ¿Se crearon empresas que fueron disueltas en el mismo acto o dentro de dichos plazos?"
En el caso que se hayan llevado a cabo fusiones en el último año comercial ¿Alguna de las empresas que formaron parte de esas fusiones pertenecen a su mismo grupo o holding empresarial?
Sección D: DATOS REFERIDOS A INSTRUMENTOS FINANCIEROS Y/O CONTRATOS DE DERIVADOS
¿Quién decide las políticas o estrategias sobre inversión en instrumentos financieros y/o contratos de derivados que celebra la empresa?
¿Quién decide tomar instrumentos financieros y/o celebrar o suscribir contratos derivados?
¿En el último año comercial ha efectuado inversiones en instrumentos financieros o ha celebrado contratos derivados con fines especulativos o de cobertura ?
"En caso de haber efectuado inversiones, celebrado o suscrito los contratos anteriores, ¿los beneficios favorecieron directa o indirectamente a una empresa relacionada situada en un territorio de baja o nula tributación referido en el artículo 41H de la Ley de la renta?"
Sección E: DATOS REFERIDOS A RESULTADO ANTES DE IMPUESTO
"Tomando como referencia el EBITDA contable de la empresa ¿destina más del 30% de éste a solventar regalías, intereses y gastos financieros, derivados, honorarios de gerenciamiento y cualquier otro gasto en beneficio de empresas relacionadas?"
¿Cuál es el origen de la principal fuente de financiamiento con quien tiene una deuda vigente al 31.12?
¿Dicha principal fuente de financiamiento corresponde  a una empresa relacionada?
Señale el motivo del financiamiento
¿El financiamiento obtenido  fue utilizado a su vez para financiar sociedades relacionadas en Chile?
¿En el diseño de su estructura de financiamiento fue asesorado por una o más empresas externas?
Sección F: DATOS REFERIDOS A BIENES DE CAPITAL
En caso de haber internado bienes de capital durante el último año comercial ¿éstos fueron hechos a la medida?
"¿La(s) internación(es) de bienes de capital proviene de una compra, de un aporte de capital, un proyecto de inversión en marcha, u otro concepto?"
¿En cuál de los siguientes rangos de valor se encuentra la(s) internación(es) total(es) de bienes de capital efectuadas durante el año comercial?
"¿En el valor final de los bienes de capital incorpora regalías, intereses y gastos financieros, derivados, honorarios de gerenciamiento u otro concepto, pagados o adeudados a empresas relacionadas, por el servicio de diseño de dichos bienes o en la forma de intangibles incorporados al mismo?"
Sección G: DATOS REFERIDOS A OPERACIONES INTERNACIONALES
"¿ Ha llevado a cabo durante el año comercial un esquema que involucre a entidades constituidas en el exterior que genere un beneficio económico o tributario, sean dichas entidades relacionadas o no relacionadas?"
"¿Durante el año comercial se encuentra en proceso de implementar un esquema que involucre el traslado de funciones o un interés en entidades constituidas en el exterior que generen un beneficio económico o tributario, sean dichas entidades relacionadas o no relacionadas?"
Si su respuesta a las preguntas 1 y/o 2 anteriores es afirmativa ¿El esquema fue desarrollado al interior de la empresa o se trata de una asesoría externa?
¿Tiene usted operaciones con personas domiciliadas o residentes en un territorio o jurisdicción con un régimen fiscal preferencial a los que se refiere el artículo 41 H?
Declaración Jurada 1907
2022
CUADRO RESUMEN FINAL DE LA DECLARACION
Montos Informados
Montos Calculados
B: DATOS DE LOS INFORMADOS
Nombre o Razón social
Número de Identificación Tributaria (Tax ID)
Código del país
Tipo de relación
Código de la operación
Moneda
Monto de la operación
Método de precios de transferencia
Precio
Precio comparable
Parte analizada
Análisis global o segmentado
Indicador de rentabilidad
Resultado de la operación
Monto de la operación
Monto vigente de la operación informada
Tipo de tasa de interés
Tasa de interés de referencia
Spread
Tasa de interés fija
Plazo desde
Plazo hasta
Comisiones u otros cargos
Criterio de cálculo de la regalía
Regalía
Tipo de intangible
Parte analizada servicios
Análisis global o segmentado servicios
Indicador de rentabilidad
Resultado de la operación de servicios
Criterio de cálculo del precio del servicio
Tasa de cálculo para el precio del servicio
Criterio de cálculo de la comisión
Comisión
Saldo inicial
Cargos en dinero
Cargos en especies
Cargos en servicios
Otros cargos
Abonos en dinero
Abonos en especies
Abonos en servicios
Otros abonos
Saldo final
Estado
C: INFORMACIÓN ESPECÍFICA DEL DECLARANTE
Actividad del declarante
Resultado operativo
Ajuste de precios de transferencia
Tipo de Ajuste
Reorganización empresarial
El grupo presenta Reporte País por País
Nombre o razón social de la compañía que presenta Reporte País por País
Código del país
Estado
2023
CUADRO RESUMEN FINAL DE LA DECLARACION
Montos Informados
Montos Calculados
B: DATOS DE LOS INFORMADOS
Nombre o Razón social
Número de Identificación Tributaria (Tax ID)
Código del país
Tipo de relación
Código de la operación
Moneda
Monto de la operación
Método de precios de transferencia
Precio
Precio comparable
Parte analizada
Análisis global o segmentado
Indicador de rentabilidad
Resultado de la operación
Monto de la operación
Monto vigente de la operación informada
Tipo de tasa de interés
Tasa de interés de referencia
Spread
Tasa de interés fija
Plazo desde
Plazo hasta
Comisiones u otros cargos
Criterio de cálculo de la regalía
Regalía
Tipo de intangible
Parte analizada servicios
Análisis global o segmentado servicios
Indicador de rentabilidad
Resultado de la operación de servicios
Criterio de cálculo del precio del servicio
Tasa de cálculo para el precio del servicio
Criterio de cálculo de la comisión
Comisión
Saldo inicial
Cargos en dinero
Cargos en especies
Cargos en servicios
Otros cargos
Abonos en dinero
Abonos en especies
Abonos en servicios
Otros abonos
Saldo final
Estado
C: INFORMACIÓN ESPECÍFICA DEL DECLARANTE
Actividad del declarante
Resultado operativo
Ajuste de precios de transferencia
Tipo de Ajuste
Reorganización empresarial
El grupo presenta Reporte País por País
Nombre o razón social de la compañía que presenta Reporte País por País
Código del país
Estado
2024
CUADRO RESUMEN FINAL DE LA DECLARACION
Montos Informados
Montos Calculados
B: DATOS DE LOS INFORMADOS
Nombre o Razón social
Número de Identificación Tributaria (Tax ID)
Código del país
Tipo de relación
Código de la operación
Moneda
Monto de la operación
Método de precios de transferencia
Precio
Precio comparable
Parte analizada
Análisis global o segmentado
Indicador de rentabilidad
Resultado de la operación
Monto de la operación
Monto vigente de la operación informada
Tipo de tasa de interés
Tasa de interés de referencia
Spread
Tasa de interés fija
Plazo desde
Plazo hasta
Comisiones u otros cargos
Criterio de cálculo de la regalía
Regalía
Tipo de intangible
Parte analizada servicios
Análisis global o segmentado servicios
Indicador de rentabilidad
Resultado de la operación de servicios
Criterio de cálculo del precio del servicio
Tasa de cálculo para el precio del servicio
Criterio de cálculo de la comisión
Comisión
Saldo inicial
Cargos en dinero
Cargos en especies
Cargos en servicios
Otros cargos
Abonos en dinero
Abonos en especies
Abonos en servicios
Otros abonos
Saldo final
Estado
C: INFORMACIÓN ESPECÍFICA DEL DECLARANTE
Actividad del declarante
Resultado operativo
Ajuste de precios de transferencia
Tipo de Ajuste
Reorganización empresarial
El grupo presenta Reporte País por País
Nombre o razón social de la compañía que presenta Reporte País por País
Código del país
Estado